question_number,pipeline,correct,predicted,ground_truth,quote,source,latency,run_timestamp,id,error
1.0,Baseline (Zero-shot),False,ERROR,C,No quote provided,,16.914586544036865,2025-11-30 15:08:01,,
2.0,Baseline (Zero-shot),True,C,C,No quote provided,,11.044457197189333,2025-11-30 15:08:01,,
3.0,Baseline (Zero-shot),False,ERROR,B,No quote provided,,12.609479665756226,2025-11-30 15:08:01,,
4.0,Baseline (Zero-shot),True,D,D,No quote provided,,4.302493810653687,2025-11-30 15:08:01,,
5.0,Baseline (Zero-shot),True,C,C,No quote provided,,6.449448823928833,2025-11-30 15:08:01,,
6.0,Baseline (Zero-shot),False,D,C,No quote provided,,12.126209020614624,2025-11-30 15:08:01,,
7.0,Baseline (Zero-shot),True,C,C,No quote provided,,5.082085847854614,2025-11-30 15:08:01,,
8.0,Baseline (Zero-shot),True,B,B,No quote provided,,7.060656547546387,2025-11-30 15:08:01,,
9.0,Baseline (Zero-shot),True,C,C,No quote provided,,6.76008152961731,2025-11-30 15:08:01,,
10.0,Baseline (Zero-shot),True,C,C,No quote provided,,5.835453748703003,2025-11-30 15:08:01,,
11.0,Baseline (Zero-shot),False,ERROR,C,No quote provided,,9.215826749801636,2025-11-30 15:08:01,,
12.0,Baseline (Zero-shot),False,ERROR,C,No quote provided,,15.094555139541626,2025-11-30 15:08:01,,
13.0,Baseline (Zero-shot),False,ERROR,C,No quote provided,,262.38306736946106,2025-11-30 15:08:01,,
14.0,Baseline (Zero-shot),True,C,C,No quote provided,,7.751850605010986,2025-11-30 15:08:01,,
15.0,Baseline (Zero-shot),False,ERROR,C,No quote provided,,11.529668807983398,2025-11-30 15:08:01,,
16.0,Baseline (Zero-shot),True,C,C,No quote provided,,6.758551836013794,2025-11-30 15:08:01,,
17.0,Baseline (Zero-shot),False,ERROR,C,No quote provided,,12.287518978118896,2025-11-30 15:08:01,,
18.0,Baseline (Zero-shot),False,ERROR,C,No quote provided,,9.831098556518556,2025-11-30 15:08:01,,
19.0,Baseline (Zero-shot),False,ERROR,C,No quote provided,,11.18355941772461,2025-11-30 15:08:01,,
20.0,Baseline (Zero-shot),False,ERROR,C,No quote provided,,7.863402366638184,2025-11-30 15:08:01,,
21.0,Baseline (Zero-shot),True,C,C,No quote provided,,7.678516626358032,2025-11-30 15:08:01,,
22.0,Baseline (Zero-shot),False,ERROR,C,No quote provided,,51.91856217384338,2025-11-30 15:08:01,,
23.0,Baseline (Zero-shot),True,C,C,No quote provided,,8.29246973991394,2025-11-30 15:08:01,,
24.0,Baseline (Zero-shot),False,ERROR,C,No quote provided,,8.321522235870361,2025-11-30 15:08:01,,
25.0,Baseline (Zero-shot),False,A,C,No quote provided,,7.963747262954712,2025-11-30 15:08:01,,
26.0,Baseline (Zero-shot),False,A,C,No quote provided,,5.854795932769775,2025-11-30 15:08:01,,
27.0,Baseline (Zero-shot),False,A,C,No quote provided,,10.11574387550354,2025-11-30 15:08:01,,
28.0,Baseline (Zero-shot),False,ERROR,C,No quote provided,,35.94296050071716,2025-11-30 15:08:01,,
29.0,Baseline (Zero-shot),True,C,C,No quote provided,,5.2215495109558105,2025-11-30 15:08:01,,
30.0,Baseline (Zero-shot),False,A,C,No quote provided,,5.326339960098267,2025-11-30 15:08:01,,
31.0,Baseline (Zero-shot),False,ERROR,C,No quote provided,,10.650547504425049,2025-11-30 15:08:01,,
32.0,Baseline (Zero-shot),False,ERROR,C,No quote provided,,9.213435173034668,2025-11-30 15:08:01,,
33.0,Baseline (Zero-shot),False,A,C,No quote provided,,2.581446886062622,2025-11-30 15:08:01,,
34.0,Baseline (Zero-shot),False,A,C,No quote provided,,7.248760461807251,2025-11-30 15:08:01,,
35.0,Baseline (Zero-shot),True,C,C,No quote provided,,5.530038118362427,2025-11-30 15:08:01,,
36.0,Baseline (Zero-shot),False,ERROR,C,No quote provided,,19.353498935699463,2025-11-30 15:08:01,,
37.0,Baseline (Zero-shot),False,A,C,No quote provided,,7.06539797782898,2025-11-30 15:08:01,,
38.0,Baseline (Zero-shot),False,ERROR,C,No quote provided,,19.046669960021973,2025-11-30 15:08:01,,
39.0,Baseline (Zero-shot),False,ERROR,C,No quote provided,,25.19720482826233,2025-11-30 15:08:01,,
40.0,Baseline (Zero-shot),False,B,C,No quote provided,,13.202953577041626,2025-11-30 15:08:01,,
41.0,Baseline (Zero-shot),True,C,C,No quote provided,,6.450778961181641,2025-11-30 15:08:01,,
42.0,Baseline (Zero-shot),True,B,B,No quote provided,,3.687678813934326,2025-11-30 15:08:01,,
43.0,Baseline (Zero-shot),True,C,C,No quote provided,,5.528700351715088,2025-11-30 15:08:01,,
44.0,Baseline (Zero-shot),False,A,C,No quote provided,,7.064848184585571,2025-11-30 15:08:01,,
45.0,Baseline (Zero-shot),False,ERROR,C,No quote provided,,8.386046648025513,2025-11-30 15:08:01,,
46.0,Baseline (Zero-shot),False,ERROR,C,No quote provided,,10.04912257194519,2025-11-30 15:08:01,,
47.0,Baseline (Zero-shot),False,A,B,No quote provided,,5.731889486312866,2025-11-30 15:08:01,,
48.0,Baseline (Zero-shot),True,B,B,No quote provided,,4.097759485244751,2025-11-30 15:08:01,,
49.0,Baseline (Zero-shot),False,A,C,No quote provided,,7.370431423187256,2025-11-30 15:08:01,,
50.0,Baseline (Zero-shot),False,A,C,No quote provided,,10.138065338134766,2025-11-30 15:08:01,,
1.0,BM25 RAG,True,C,C,"By leveraging the inherent sparsity and block-diagonal attention patterns present in RAG contexts,REFRAG compresses, senses, and expands context representations to significantly reduce both memory usage and inference latency, particularly the TTFT.","2509.01092v2.pdf, Page: 10",16.23562788963318,2025-11-30 15:12:35,,
2.0,BM25 RAG,False,ERROR,C,No quote provided,,8.90904688835144,2025-11-30 15:12:35,,
3.0,BM25 RAG,True,B,B,"However, CEPE is limited to prefix context applications, as it disrupts the causal structure of the context, making it unsuitable for tasks such as multi-turn RAG or summarization.",2509.01092v2.pdf page 9,6.454961776733398,2025-11-30 15:12:35,,
4.0,BM25 RAG,True,D,D,"Our model outperformsLLaMAFT on two out of three datasets in the 5-passage setting, and on all three datasets in the 10-passage setting. This improvement is attributable to the limited 4k-token context window of LLaMAFT, which necessitates truncating portions of the conversational history in longer contexts, resulting in the loss of crucial information required to answer subsequent questions. In contrast, our model, trained on the sameLLaMA model without extending its effective positional encoding, maintains robust performance","2509.01092v2.pdf, Page: 7",4.433295249938965,2025-11-30 15:12:35,,
5.0,BM25 RAG,True,C,C,"We argue that specialized techniques exploiting the unique structure and sparsity inherent in RAG contexts can substantially reduce memory and computational overhead. Treating RAG TTFT as a generic LLM inference problem overlooks several key aspects: 1) Inefficient Token Allocation.RAG contexts often contain sparse information, with many retrieved passages being uninformative and reused across multiple inferences.","2509.01092v2.pdf, Page: 1",6.207156658172607,2025-11-30 15:12:35,,
6.0,BM25 RAG,True,C,C,"Curriculum learning is essential for effective training in the reconstruction task.The reconstruction task, while intuitive, is particularly challenging when multiple chunks must be reconstructed.","2509.01092v2.pdf, Page: 4",5.022219896316528,2025-11-30 15:12:35,,
7.0,BM25 RAG,True,C,C,"This “compress anywhere” capability is further enhanced by a lightweight reinforcement learning (RL) policy that selectively determines when full chunk token input is necessary and when low-cost, approximate chunk embeddings suffice .","2509.01092v2.pdf, Page: 1",6.9456281661987305,2025-11-30 15:12:35,,
8.0,BM25 RAG,True,B,B,"For longer context length, acceleration reaches up tok2× for both metrics.","2509.01092v2.pdf, Page: 2",4.72803258895874,2025-11-30 15:12:35,,
9.0,BM25 RAG,True,C,C,"Under equivalent latency constraints,REFRAGconsistently outperform LLaMA on both settings as the saved context can be reinvested to include additional information within the same latency budget.","2509.01092v2.pdf, Page: 7",5.222147464752197,2025-11-30 15:12:35,,
10.0,BM25 RAG,True,C,C,"In contrast, a compression rate of64appears to be overly aggressive, resulting in diminished performance. These findings suggest a practical limit to the compression rate beyond which the model’s capability is significantly reduced.","2509.01092v2.pdf, Page: 6",2.6642892360687256,2025-11-30 15:12:35,,
11.0,BM25 RAG,True,C,C,"These passages often exhibit low semantic similarity due to diversity or deduplication during re-ranking, leading to block-diagonal attention patterns that differ from those in standard LLM generation tasks. Based on this observation, we argue that most computations over the RAG context during decoding are unnecessary and can be eliminated with minimal impact on performance.","2509.01092v2.pdf, Page: 0",5.01567530632019,2025-11-30 15:12:35,,
12.0,BM25 RAG,True,C,C,"It reduces attention computation complexity, which now scales quadratically with the number of chunks rather than the number of tokens in the context.","2509.01092v2.pdf, page 1",3.0392088890075684,2025-11-30 15:12:35,,
13.0,BM25 RAG,True,C,C,"Theoretical analysis (section A) shows that for short context lengths, our method achieves up to k× acceleration in TTFT and throughput. For longer context length, acceleration reaches up tok2× for both metrics.","2509.01092v2.pdf, Page: 2",3.104126214981079,2025-11-30 15:12:35,,
14.0,BM25 RAG,True,C,C,"A RL policy, guided by next-paragraph prediction perplexity as a negative reward, determines which chunks to retain in their original form. The policy network leverages chunk embeddings and masking to optimize sequential chunk expansion, thereby preserving the decoder’s autoregressive property and enabling flexible placement of compression.","2509.01092v2.pdf, Page: 3",3.3792378902435303,2025-11-30 15:12:35,,
15.0,BM25 RAG,True,C,C,"In this task, wefreeze the decoder model and only train the encoder and projection layer. The main objectives are to align the encoder and projection layer so that: 1) encoder can compressk tokens with minimal information loss","2509.01092v2.pdf, Page: 3",6.893749952316284,2025-11-30 15:12:35,,
16.0,BM25 RAG,True,C,C,"As the chunk lengthk increases, the number of possible token combinations expands exponentially, specifically at a rate ofV k, whereV is the vocabulary size. Effectively capturing this diversity within a fixed-length embedding presents a significant challenge.","2509.01092v2.pdf, Page: 3",17.682296752929688,2025-11-30 15:12:35,,
17.0,BM25 RAG,True,C,C,Table 13 demonstrates thatREFRAG16 with RL-based selective compression consistently outperformsREFRAG8 across different datasets and context lengths.,"2509.01092v2.pdf, page 5",11.988447427749634,2025-11-30 15:12:35,,
18.0,BM25 RAG,True,C,C,"However, CEPE is limited to prefix context applications, as it disrupts the causal structure of the context, making it unsuitable for tasks such as multi-turn RAG or summarization. Additionally, CEPE does not utilize token compression, resulting in similar or even increased decoding latency.","2509.01092v2.pdf, Page: 9",3.0636258125305176,2025-11-30 15:12:35,,
19.0,BM25 RAG,True,C,C,"With a weak retriever setting, at 10 passages,REFRAGimproves performance by0.71%and accelerates TTFT by5.26× compared to LLaMA. At equal latency (8 passages forREFRAGvs. 1 for LLaMA),REFRAGachieves a1.93%average gain over 16 RAG tasks.","2509.01092v2.pdf, Page: 7",3.0724315643310547,2025-11-30 15:12:35,,
20.0,BM25 RAG,True,C,C,"The original Llama-2-7B supports only a4k context window, whereas our approach enables extrapolation via chunk embeddings, extending context and supporting broader applications. With a compression rate of16, we achieve a9.3%average log-perplexity improvement over CEPE across four datasets2.","2509.01092v2.pdf, Page: 4",3.0474421977996826,2025-11-30 15:12:35,,
21.0,BM25 RAG,True,C,C,"It reduces attention computation complexity, which now scales quadratically with the number of chunks rather than the number of tokens in the context.","2509.01092v2.pdf, page 1",3.710606575012207,2025-11-30 15:12:35,,
22.0,BM25 RAG,True,C,C,"With longer context lengths, we are able to achieve up tok2× acceleration in both TTFT and throughput.","2509.01092v2.pdf, Page: 15",2.211276054382324,2025-11-30 15:12:35,,
23.0,BM25 RAG,True,C,C,"REFRAGsupports compression of token chunks at arbitrary positions (see figure 1) while preserving the autoregressive nature of the decoder, thereby supporting multi-turn and agentic applications. This “compress anywhere” capability is further enhanced by a lightweight reinforcement learning (RL) policy that selectively determines when full chunk token input is necessary and when low-cost, approximate chunk embeddings suffice .","2509.01092v2.pdf, Page: 1",3.3179495334625244,2025-11-30 15:12:35,,
24.0,BM25 RAG,True,C,C,"The main objectives are to align the encoder and projection layer so that: 1) encoder can compressk tokens with minimal information loss, and 2) projection layer can effectively map the encoder’s chunk embeddings into the","2509.01092v2.pdf, Page: 3",3.8727450370788574,2025-11-30 15:12:35,,
25.0,BM25 RAG,True,C,C,"A RL policy, guided by next-paragraph prediction perplexity as a negative reward, determines which chunks to retain in their original form.","2509.01092v2.pdf, Page: 3",2.578653335571289,2025-11-30 15:12:35,,
26.0,BM25 RAG,True,C,C,"Empirically, as shown in figure 2, with a context length of16384(mid-to-long context),REFRAG with k = 16achieves16 .53× TTFT acceleration with cache and8.59× without cache1, both surpassing CEPE (2.01× and1 .04×, respectively)...","2509.01092v2.pdf, Page: 2",4.30280327796936,2025-11-30 15:12:35,,
27.0,BM25 RAG,True,C,C,"At equal latency (8 passages forREFRAGvs. 1 for LLaMA),REFRAGattains a1.22% average improvement across 16 RAG tasks.","2509.01092v2.pdf, Page: 7",2.7623403072357178,2025-11-30 15:12:35,,
28.0,BM25 RAG,True,C,C,"For reference,LLaMA256 uses only the last 256 tokens, matching the number of chunk embeddings inREFRAG8 (s/k = 256), yetREFRAG8 consistently surpassesLLaMA256, demonstrating the effectiveness of compressed chunk embeddings.","2509.01092v2.pdf, Page: 4",1.8425586223602293,2025-11-30 15:12:35,,
29.0,BM25 RAG,True,C,C,"In contrast, a compression rate of64appears to be overly aggressive, resulting in diminished performance. These findings suggest a practical limit to the compression rate beyond which the model’s capability is significantly reduced.","2509.01092v2.pdf, Page: 6",2.458201169967652,2025-11-30 15:12:35,,
,,,,,,,,2025-11-30 15:12:35,29.0,"429 You exceeded your current quota. Please migrate to Gemini 2.0 Flash Preview (Image Generation) (models/gemini-2.0-flash-preview-image-generation) for higher quota limits. For more information on this error, head to: https://ai.google.dev/gemini-api/docs/rate-limits. [links {
  description: ""Learn more about Gemini API quotas""
  url: ""https://ai.google.dev/gemini-api/docs/rate-limits""
}
, violations {
  quota_metric: ""generativelanguage.googleapis.com/generate_requests_per_model""
  quota_id: ""GenerateRequestsPerMinutePerProjectPerModel""
  quota_dimensions {
    key: ""model""
    value: ""gemini-2.0-flash-exp""
  }
  quota_dimensions {
    key: ""location""
    value: ""global""
  }
  quota_value: 10
}
, retry_delay {
  seconds: 22
}
]"
31.0,BM25 RAG,True,C,C,"It reduces attention computation complexity, which now scales quadratically with the number of chunks rather than the number of tokens in the context.","2509.01092v2.pdf, Page: 1",4.401876211166382,2025-11-30 15:12:35,,
32.0,BM25 RAG,True,C,C,"Table 6 shows that with short context length s we are able to achievek× acceleration in TTFT and up tok× acceleration in throughput. With longer context lengths, we are able to achieve up tok2× acceleration in both TTFT and throughput.","2509.01092v2.pdf, page 15",4.608018636703491,2025-11-30 15:12:35,,
,,,,,,,,2025-11-30 15:12:35,32.0,"429 You exceeded your current quota. Please migrate to Gemini 2.0 Flash Preview (Image Generation) (models/gemini-2.0-flash-preview-image-generation) for higher quota limits. For more information on this error, head to: https://ai.google.dev/gemini-api/docs/rate-limits. [links {
  description: ""Learn more about Gemini API quotas""
  url: ""https://ai.google.dev/gemini-api/docs/rate-limits""
}
, violations {
  quota_metric: ""generativelanguage.googleapis.com/generate_requests_per_model""
  quota_id: ""GenerateRequestsPerMinutePerProjectPerModel""
  quota_dimensions {
    key: ""model""
    value: ""gemini-2.0-flash-exp""
  }
  quota_dimensions {
    key: ""location""
    value: ""global""
  }
  quota_value: 10
}
, retry_delay {
  seconds: 10
}
]"
,,,,,,,,2025-11-30 15:12:35,33.0,"429 You exceeded your current quota. Please migrate to Gemini 2.0 Flash Preview (Image Generation) (models/gemini-2.0-flash-preview-image-generation) for higher quota limits. For more information on this error, head to: https://ai.google.dev/gemini-api/docs/rate-limits. [links {
  description: ""Learn more about Gemini API quotas""
  url: ""https://ai.google.dev/gemini-api/docs/rate-limits""
}
, violations {
  quota_metric: ""generativelanguage.googleapis.com/generate_requests_per_model""
  quota_id: ""GenerateRequestsPerMinutePerProjectPerModel""
  quota_dimensions {
    key: ""model""
    value: ""gemini-2.0-flash-exp""
  }
  quota_dimensions {
    key: ""location""
    value: ""global""
  }
  quota_value: 10
}
, retry_delay {
  seconds: 8
}
]"
,,,,,,,,2025-11-30 15:12:35,34.0,"429 You exceeded your current quota. Please migrate to Gemini 2.0 Flash Preview (Image Generation) (models/gemini-2.0-flash-preview-image-generation) for higher quota limits. For more information on this error, head to: https://ai.google.dev/gemini-api/docs/rate-limits. [links {
  description: ""Learn more about Gemini API quotas""
  url: ""https://ai.google.dev/gemini-api/docs/rate-limits""
}
, violations {
  quota_metric: ""generativelanguage.googleapis.com/generate_requests_per_model""
  quota_id: ""GenerateRequestsPerMinutePerProjectPerModel""
  quota_dimensions {
    key: ""model""
    value: ""gemini-2.0-flash-exp""
  }
  quota_dimensions {
    key: ""location""
    value: ""global""
  }
  quota_value: 10
}
, retry_delay {
  seconds: 5
}
]"
,,,,,,,,2025-11-30 15:12:35,35.0,"429 You exceeded your current quota. Please migrate to Gemini 2.0 Flash Preview (Image Generation) (models/gemini-2.0-flash-preview-image-generation) for higher quota limits. For more information on this error, head to: https://ai.google.dev/gemini-api/docs/rate-limits. [links {
  description: ""Learn more about Gemini API quotas""
  url: ""https://ai.google.dev/gemini-api/docs/rate-limits""
}
, violations {
  quota_metric: ""generativelanguage.googleapis.com/generate_requests_per_model""
  quota_id: ""GenerateRequestsPerMinutePerProjectPerModel""
  quota_dimensions {
    key: ""model""
    value: ""gemini-2.0-flash-exp""
  }
  quota_dimensions {
    key: ""location""
    value: ""global""
  }
  quota_value: 10
}
, retry_delay {
  seconds: 3
}
]"
,,,,,,,,2025-11-30 15:12:35,36.0,"429 You exceeded your current quota. Please migrate to Gemini 2.0 Flash Preview (Image Generation) (models/gemini-2.0-flash-preview-image-generation) for higher quota limits. For more information on this error, head to: https://ai.google.dev/gemini-api/docs/rate-limits. [links {
  description: ""Learn more about Gemini API quotas""
  url: ""https://ai.google.dev/gemini-api/docs/rate-limits""
}
, violations {
  quota_metric: ""generativelanguage.googleapis.com/generate_requests_per_model""
  quota_id: ""GenerateRequestsPerMinutePerProjectPerModel""
  quota_dimensions {
    key: ""model""
    value: ""gemini-2.0-flash-exp""
  }
  quota_dimensions {
    key: ""location""
    value: ""global""
  }
  quota_value: 10
}
, retry_delay {
  seconds: 1
}
]"
,,,,,,,,2025-11-30 15:12:35,37.0,"429 You exceeded your current quota. Please migrate to Gemini 2.0 Flash Preview (Image Generation) (models/gemini-2.0-flash-preview-image-generation) for higher quota limits. For more information on this error, head to: https://ai.google.dev/gemini-api/docs/rate-limits. [links {
  description: ""Learn more about Gemini API quotas""
  url: ""https://ai.google.dev/gemini-api/docs/rate-limits""
}
, violations {
  quota_metric: ""generativelanguage.googleapis.com/generate_requests_per_model""
  quota_id: ""GenerateRequestsPerMinutePerProjectPerModel""
  quota_dimensions {
    key: ""model""
    value: ""gemini-2.0-flash-exp""
  }
  quota_dimensions {
    key: ""location""
    value: ""global""
  }
  quota_value: 10
}
, retry_delay {
  seconds: 58
}
]"
,,,,,,,,2025-11-30 15:12:35,38.0,"429 You exceeded your current quota. Please migrate to Gemini 2.0 Flash Preview (Image Generation) (models/gemini-2.0-flash-preview-image-generation) for higher quota limits. For more information on this error, head to: https://ai.google.dev/gemini-api/docs/rate-limits. [links {
  description: ""Learn more about Gemini API quotas""
  url: ""https://ai.google.dev/gemini-api/docs/rate-limits""
}
, violations {
  quota_metric: ""generativelanguage.googleapis.com/generate_requests_per_model""
  quota_id: ""GenerateRequestsPerMinutePerProjectPerModel""
  quota_dimensions {
    key: ""model""
    value: ""gemini-2.0-flash-exp""
  }
  quota_dimensions {
    key: ""location""
    value: ""global""
  }
  quota_value: 10
}
, retry_delay {
  seconds: 56
}
]"
40.0,BM25 RAG,True,C,C,"At equal latency (8 passages forREFRAGvs. 1 for LLaMA),REFRAGattains a1.22% average improvement across 16 RAG tasks.","2509.01092v2.pdf, Page: 7",5.223257064819336,2025-11-30 15:12:35,,
41.0,BM25 RAG,True,C,C,"Chevalier et al. (2023) proposed recursive compression for documents, using compressed embeddings for prediction, similar to our method.","2509.01092v2.pdf, Page: 9",9.215667963027954,2025-11-30 15:12:35,,
42.0,BM25 RAG,True,B,B,"The main objectives are to align the encoder and projection layer so that: 1) encoder can compressk tokens with minimal information loss, and 2) projection layer can effectively map the encoder’s chunk embeddings into the",2509.01092v2.pdf page 3,3.686100244522095,2025-11-30 15:12:35,,
43.0,BM25 RAG,False,ERROR,C,No quote provided,,8.91762924194336,2025-11-30 15:12:35,,
44.0,BM25 RAG,False,B,C,"CEPE is limited to prefix context applications, as it disrupts the causal structure of the context, making it unsuitable for tasks such as multi-turn RAG or summarization.","2509.01092v2.pdf, Page: 9",35.93435716629028,2025-11-30 15:12:35,,
45.0,BM25 RAG,True,C,C,Table 13 demonstrates thatREFRAG16 with RL-based selective compression consistently outperformsREFRAG8 across different datasets and context lengths.,"2509.01092v2.pdf, Page: 5",3.612471342086792,2025-11-30 15:12:35,,
46.0,BM25 RAG,True,C,C,"These passages often exhibit low semantic similarity due to diversity or deduplication during re-ranking, leading to block-diagonal attention patterns that differ from those in standard LLM generation tasks. Based on this observation, we argue that most computations over the RAG context during decoding are unnecessary and can be eliminated with minimal impact on performance. To this end, we propose REFRAG, an efficient decoding framework that compresses, senses, and expands to improve latency in RAG applications. By exploiting this attention sparsity structure, we demonstrate a30.85× the time-to-first-token acceleration (3.75× improvement to previous work) without loss in perplexity.","2509.01092v2.pdf, Page: 0",5.557184457778931,2025-11-30 15:12:35,,
47.0,BM25 RAG,True,B,B,"Moreover, the time-to-first-token (TTFT) latency increases quadratically, while the time-to-iterative-token (TTIT) latency grows linearly with prompt length (Liu et al., 2025).","2509.01092v2.pdf, Page: 0",1.5814061164855957,2025-11-30 15:12:35,,
48.0,BM25 RAG,True,B,B,Ablation study result for curriculum learning.Table 11 shows the necessity of curriculum learning to the success of reconstruction task.,"2509.01092v2.pdf, Page: 21",4.393010854721069,2025-11-30 15:12:35,,
49.0,BM25 RAG,True,C,C,"The result demonstrates that under the same number of retrieved passages, we are able to match the performance of LLaMA in the strong retriever setting and even outperform LLaMA under the weak retriever setting. This is because our model enables larger context and hence enables extract more useful information when the retrieved passages are less relevant.",2509.01092v2.pdf: 7,3.593971967697144,2025-11-30 15:12:35,,
50.0,BM25 RAG,False,ERROR,C,No quote provided,,9.830065488815308,2025-11-30 15:12:35,,
1.0,Dense RAG,True,C,C,"It reduces attention computation complexity, which now scales quadratically with the number of chunks rather than the number of tokens in the context.","2509.01092v2.pdf, Page: 1",3.0582454204559326,2025-11-30 15:19:52,,
2.0,Dense RAG,False,A,C,Reconstruction task is essential for the model to learn the continual pre-training task.,"2509.01092v2.pdf, Page: 5",8.602191925048828,2025-11-30 15:19:52,,
3.0,Dense RAG,False,D,B,"The original Llama-2-7B supports only a4k context window, whereas our approach enables extrapolation via chunk embeddings, extending context and supporting broader applications.","2509.01092v2.pdf, Page: 4",33.794209718704224,2025-11-30 15:19:52,,
4.0,Dense RAG,True,D,D,"However, due to the compression, we are able to have more context information and hence achieve better performance. Surprisingly,REFRAG16 and REFRAG32 both outperform theLLaMAFT model despite having2× and4 × fewer tokens in the decoder (i.e., lower latency). The same result occurs in long context scenarios.","2509.01092v2.pdf, Page: 7",7.267976522445679,2025-11-30 15:19:52,,
5.0,Dense RAG,True,C,C,"It reduces attention computation complexity, which now scales quadratically with the number of chunks rather than the number of tokens in the context.","2509.01092v2.pdf, Page: 1",20.68650484085083,2025-11-30 15:19:52,,
6.0,Dense RAG,False,D,C,These results further highlight the effectiveness of the RL-trained policy and underscore the practicality of dynamically adjusting the compression rate without compromising performance.,"2509.01092v2.pdf, Page: 6",18.737546682357788,2025-11-30 15:19:52,,
7.0,Dense RAG,True,C,C,We employ RL to train a policy that optimally determines which segments to compress.,"2509.01092v2.pdf, Page: 15",7.06557822227478,2025-11-30 15:19:52,,
8.0,Dense RAG,False,ERROR,B,No quote provided,,8.90902590751648,2025-11-30 15:19:52,,
9.0,Dense RAG,True,C,C,"Under equivalent latency constraints,REFRAGconsistently outperform LLaMA on both settings as the saved context can be reinvested to include additional information within the same latency budget.","2509.01092v2.pdf, Page: 7",4.432529926300049,2025-11-30 15:19:52,,
10.0,Dense RAG,True,C,C,"In contrast, a compression rate of64appears to be overly aggressive, resulting in diminished performance. These findings suggest a practical limit to the compression rate beyond which the model’s capability is significantly reduced.","2509.01092v2.pdf, Page: 6",3.033297300338745,2025-11-30 15:19:52,,
11.0,Dense RAG,True,C,C,"These passages often exhibit low semantic similarity due to diversity or deduplication during re-ranking, leading to block-diagonal attention patterns that differ from those in standard LLM generation tasks. Based on this observation, we argue that most computations over the RAG context during decoding are unnecessary and can be eliminated with minimal impact on performance.","2509.01092v2.pdf, Page: 0",4.514770269393921,2025-11-30 15:19:52,,
12.0,Dense RAG,False,A,C,"attention, reducing attention complexity from quadratic to linear; however, this method does not address memory requirements.","2509.01092v2.pdf, Page: 9",6.758649349212647,2025-11-30 15:19:52,,
13.0,Dense RAG,True,C,C,"Theoretical analysis (section A) shows that for short context lengths, our method achieves up to k× acceleration in TTFT and throughput. For longer context length, acceleration reaches up tok2× for both metrics.","2509.01092v2.pdf, page 2",2.7640976905822754,2025-11-30 15:19:52,,
14.0,Dense RAG,True,C,C,"chunk embeddings and masking to optimize sequential chunk expansion, thereby preserving the decoder’s autoregressive property and enabling flexible placement of compression.","2509.01092v2.pdf, Page: 3",9.113698720932009,2025-11-30 15:19:52,,
15.0,Dense RAG,True,C,C,"In this task, we freeze the decoder model and only train the encoder and projection layer. The reconstruction task was specifically chosen to encourage the model to rely on context memory rather than its parametric memory during training.","2509.01092v2.pdf, Page: 3",1.7433691024780271,2025-11-30 15:19:52,,
16.0,Dense RAG,True,C,C,"To continuously adjust task difficulty, we vary the data mixture over time, starting with examples dominated by easier tasks (e.g., single chunk embedding) and gradually shifting towards those dominated by more difficult tasks (i.e.,L chunk embeddings).","2509.01092v2.pdf, Page: 3",22.43522787094116,2025-11-30 15:19:52,,
17.0,Dense RAG,True,C,C,"Table 13 demonstrates thatREFRAG16 with RL-based selective compression consistently outperformsREFRAG8 across different datasets and context lengths. ... chunk embeddings, yet still surpasses the performance ofREFRAG8.","2509.01092v2.pdf: 5, 6",9.604015350341797,2025-11-30 15:19:52,,
18.0,Dense RAG,False,ERROR,C,No quote provided,,36.97807455062866,2025-11-30 15:19:52,,
19.0,Dense RAG,True,C,C,"At equal latency (8 passages for REFRAG vs. 1 for LLaMA), REFRAG achieves a 1.93% average gain over 16 RAG tasks.","2509.01092v2.pdf, Page: 7",3.685290813446045,2025-11-30 15:19:52,,
20.0,Dense RAG,True,C,C,"In real applications (e.g., RAG), the context is the dominating part of the input (i.e., s≫q ) and hence the overall input to the decoder will be reduced by a factor of≃k .","2509.01092v2.pdf, Page: 2",16.28300452232361,2025-11-30 15:19:52,,
21.0,Dense RAG,True,C,C,"It reduces attention computation complexity, which now scales quadratically with the number of chunks rather than the number of tokens in the context.","2509.01092v2.pdf, Page: 1",3.6843531131744394,2025-11-30 15:19:52,,
22.0,Dense RAG,True,C,C,"For longer context length, acceleration reaches up tok2× for both metrics.","2509.01092v2.pdf, Page: 2",2.156486749649048,2025-11-30 15:19:52,,
23.0,Dense RAG,True,C,C,compressing chunks in the original token space using the RL policy.,"2509.01092v2.pdf, Page: 4",16.22740387916565,2025-11-30 15:19:52,,
24.0,Dense RAG,True,C,C,"The main objectives are to align the encoder and projection layer so that: 1) encoder can compressk tokens with minimal information loss, and 2) projection layer can effectively map the encoder’s chunk embeddings into the decoder’s token space, allowing the decoder to interpret and accurately reconstruct the original information.","2509.01092v2.pdf, Page: 3",3.427182197570801,2025-11-30 15:19:52,,
25.0,Dense RAG,True,C,C,"RL-trained chunk expansion policy
Reward = - Log(Perplexity)","2509.01092v2.pdf, Page: 17",3.084927082061768,2025-11-30 15:19:52,,
26.0,Dense RAG,True,C,C,"Empirically, as shown in figure 2, with a context length of16384(mid-to-long context),REFRAG with k = 16achieves16 .53× TTFT acceleration with cache and8.59× without cache1, both surpassing CEPE (2.01× and1 .04×, respectively), while achieving 9.3% performance (measured by log-perplexity) compared to CEPE (table 1).","2509.01092v2.pdf, Page: 2",3.98346734046936,2025-11-30 15:19:52,,
27.0,Dense RAG,True,C,C,"At equal latency (8 passages forREFRAGvs. 1 for LLaMA),REFRAGattains a1.22% average improvement across 16 RAG tasks.","2509.01092v2.pdf, Page: 7",3.068302869796753,2025-11-30 15:19:52,,
28.0,Dense RAG,True,C,C,REFRAG8 and REFRAG16 maintain superior performance at longer contexts.,"2509.01092v2.pdf, Page: 4",21.197684288024902,2025-11-30 15:19:52,,
29.0,Dense RAG,True,C,C,"In contrast, a compression rate of64appears to be overly aggressive, resulting in diminished performance. These findings suggest a practical limit to the compression rate beyond which the model’s capability is significantly reduced.",2509.01092v2.pdf: page 6,2.765955686569214,2025-11-30 15:19:52,,
30.0,Dense RAG,True,C,C,"REFRAG leverages pre-computed, compressed chunk embeddings as approximate representations, feeding these embeddings directly into the decoder. This approach offers three main advantages: 1) It shortens the decoder’s input length, improving token allocation efficiency;","2509.01092v2.pdf, Page: 1",18.12330985069275,2025-11-30 15:19:52,,
31.0,Dense RAG,True,C,C,"It reduces attention computation complexity, which now scales quadratically with the number of chunks rather than the number of tokens in the context.","2509.01092v2.pdf, Page: 1",1.8457472324371336,2025-11-30 15:19:52,,
32.0,Dense RAG,True,C,C,"Theoretical analysis (section A) shows that for short context lengths, our method achieves up to k× acceleration in TTFT and throughput. For longer context length, acceleration reaches up to k²× for both metrics.","2509.01092v2.pdf, Page: 2",1.840625047683716,2025-11-30 15:19:52,,
33.0,Dense RAG,True,C,C,"Under the context length of16384(i.e., mid-to-long context),REFRAG achieves16 .53× acceleration in TTFT with cache and8.59× without cache.","2509.01092v2.pdf, Page: 15",2.150211334228516,2025-11-30 15:19:52,,
34.0,Dense RAG,False,ERROR,C,No quote provided,,22.42657423019409,2025-11-30 15:19:52,,
35.0,Dense RAG,True,C,C,"For the reconstruction task, training begins with reconstructing a single chunk: the encoder receives one chunk embeddingc1 for x1:k and and the decoder reconstructs thek tokens using the projected chunk embeddingecnk 1 . Subsequently, the model reconstructs x1:2k frome cnk 1 , ecnk 2 , and so forth. To continuously adjust task difficulty, we vary the data mixture over","2509.01092v2.pdf, page 3",3.070819139480591,2025-11-30 15:19:52,,
36.0,Dense RAG,True,C,C,"Additionally, an RL policy is trained to do selective compression to further improve the performance which we will defer the discussion to section 2.","2509.01092v2.pdf, Page: 2",27.34213137626648,2025-11-30 15:19:52,,
37.0,Dense RAG,True,C,C,"With a compression rate of16, we achieve a9.3%average log-perplexity improvement over CEPE across four datasets2.","2509.01092v2.pdf, Page: 4",1.5417263507843018,2025-11-30 15:19:52,,
38.0,Dense RAG,False,D,C,No information regarding the scale and composition of the continual pre-training corpus is provided in the given context.,,3.679438591003418,2025-11-30 15:19:52,,
39.0,Dense RAG,True,C,C,WefollowtheworkofLinetal.(2024)touseWikipediadumpsandCommonCrawl dumps to create a retrieval corpus with 400 million passages. Each passage contains less than 200 words. We use the DRAGON+ model Lin et al. (2023) as our retriever and use the implementation of Izacard et al. (2023a) to retrieve the K-nearest neighbors as the retrieved passages for each question.,2509.01092v2.pdf page 7,5.465126991271973,2025-11-30 15:19:52,,
40.0,Dense RAG,True,C,C,"At equal latency (8 passages for REFRAG vs. 1 for LLaMA),REFRAGattains a1.22% average improvement across 16 RAG tasks.","2509.01092v2.pdf, Page: 7",3.750912666320801,2025-11-30 15:19:52,,
41.0,Dense RAG,True,C,C,"Instead of using tokens from retrieved passages as input,REFRAGleverages pre-computed, compressed chunk embeddings as approximate represen-tations, feeding these embeddings directly into the decoder.","2509.01092v2.pdf, Page: 1",2.6183524131774902,2025-11-30 15:19:52,,
42.0,Dense RAG,True,B,B,Reconstruction task is essential for the model to learn the continual pre-training task.,"2509.01092v2.pdf, Page: 5",17.948716402053833,2025-11-30 15:19:52,,
43.0,Dense RAG,True,C,C,REFRAGRL uses RL-based selective compression.,"2509.01092v2.pdf, Page: 4",5.237719535827637,2025-11-30 15:19:52,,
44.0,Dense RAG,False,D,C,"Notably, REFRAG8 and REFRAG16 consistently outperform other baselines across nearly all settings, while also achieving lower latency than CEPE (figure 2).","2509.01092v2.pdf, Page: 4",5.529968738555908,2025-11-30 15:19:52,,
45.0,Dense RAG,True,C,C,"This finding is particularly surprising, asREFRAG16 achieves a compression rate of8without recomputing chunk embeddings, yet still surpasses the performance ofREFRAG8. These results further highlight the effectiveness of the RL-trained policy and underscore the practicality of dynamically adjusting the compression rate without compromising performance.","2509.01092v2.pdf, Page: 6",6.143434762954712,2025-11-30 15:19:52,,
46.0,Dense RAG,False,D,C,"It enables reuse of pre-computed chunk embeddings from retrieval, eliminating redundant computation;","2509.01092v2.pdf, Page: 1",7.987571716308594,2025-11-30 15:19:52,,
47.0,Dense RAG,True,B,B,"Moreover, the time-to-first-token (TTFT) latency increases quadratically, while the time-to-iterative-token (TTIT) latency grows linearly with prompt length (Liu et al., 2025).","2509.01092v2.pdf, Page: 0",1.5428123474121094,2025-11-30 15:19:52,,
48.0,Dense RAG,True,B,B,"Table 8The geometry curriculum learning scheduling. The whole training is split into 9 stages. In each stage, we have a combination of different data (e.g., 1X8 means reconstructing 8 tokens, 2X8 means reconstructing 16 tokens).","2509.01092v2.pdf, Page: 19",4.594329357147217,2025-11-30 15:19:52,,
49.0,Dense RAG,True,C,C,"The result demonstrates that under the same number of retrieved passages, we are able to match the performance of LLaMA in the strong retriever setting and even outperform LLaMA under the weak retriever setting. This is because our model enables larger context and hence enables extract more useful information when the retrieved passages are less relevant.","2509.01092v2.pdf, Page: 7",3.079998254776001,2025-11-30 15:19:52,,
50.0,Dense RAG,True,C,C,"It reduces attention computation complexity, which now scales quadratically with the number of chunks rather than the number of tokens in the context.","2509.01092v2.pdf, Page: 1",2.149076461791992,2025-11-30 15:19:52,,
1.0,Hybrid RAG,True,C,C,"It reduces attention computation complexity, which now scales quadratically with the number of chunks rather than the number of tokens in the context.","2509.01092v2.pdf, Page: 1",3.372051477432251,2025-11-30 15:24:01,,
2.0,Hybrid RAG,False,A,C,"performance of the reconstruction task with and without curriculum learning (i.e., reconstruction ofx1:s from s/k chunk embedding directly). The results indicate that curriculum learning is essential for the success of the reconstruction task. Reconstruction task is essential for the model to learn the continual pre-training task.",2509.01092v2.pdf: 5,9.523662090301514,2025-11-30 15:24:01,,
3.0,Hybrid RAG,True,B,B,"However, CEPE is limited to prefix context applications, as it disrupts the causal structure of the context, making it unsuitable for tasks such as multi-turn RAG or summarization.","2509.01092v2.pdf, Page: 9",4.5295069217681885,2025-11-30 15:24:01,,
4.0,Hybrid RAG,True,D,D,"Our model outperformsLLaMAFT on two out of three datasets in the 5-passage setting, and on all three datasets in the 10-passage setting. This improvement is attributable to the limited 4k-token context window of LLaMAFT, which necessitates truncating portions of the conversational history in longer contexts, resulting in the loss of crucial information required to answer subsequent questions. In contrast, our model, trained on the sameLLaMA model without extending its effective positional encoding, maintains robust performance","2509.01092v2.pdf, Page: 7",3.7666802406311035,2025-11-30 15:24:01,,
5.0,Hybrid RAG,True,C,C,"RAG contexts often contain sparse information, with many retrieved passages being uninformative and reused across multiple inferences.","2509.01092v2.pdf, Page: 1",11.05699110031128,2025-11-30 15:24:01,,
6.0,Hybrid RAG,True,C,C,"Curriculum learning is essential for effective training in the reconstruction task.The reconstruction task, while intuitive, is particularly challenging when multiple chunks must be reconstructed.","2509.01092v2.pdf, Page: 4",6.144845008850098,2025-11-30 15:24:01,,
7.0,Hybrid RAG,True,C,C,"This “compress anywhere” capability is further enhanced by a lightweight reinforcement learning (RL) policy that selectively determines when full chunk token input is necessary and when low-cost, approximate chunk embeddings suffice .","2509.01092v2.pdf, Page: 1",4.299925804138184,2025-11-30 15:24:01,,
8.0,Hybrid RAG,True,B,B,"For longer context length, acceleration reaches up tok2× for both metrics.","2509.01092v2.pdf, Page: 2",4.812567234039307,2025-11-30 15:24:01,,
9.0,Hybrid RAG,True,C,C,"Under equivalent latency constraints,REFRAGconsistently outperform LLaMA on both settings as the saved context can be reinvested to include additional information within the same latency budget.","2509.01092v2.pdf, Page: 7",5.247974395751953,2025-11-30 15:24:01,,
10.0,Hybrid RAG,True,C,C,"In contrast, a compression rate of64appears to be overly aggressive, resulting in diminished performance. These findings suggest a practical limit to the compression rate beyond which the model’s capability is significantly reduced.","filename: 2509.01092v2.pdf, page 6",3.149914503097534,2025-11-30 15:24:01,,
11.0,Hybrid RAG,True,C,C,"These passages often exhibit low semantic similarity due to diversity or deduplication during re-ranking, leading to block-diagonal attention patterns that differ from those in standard LLM generation tasks. Based on this observation, we argue that most computations over the RAG context during decoding are unnecessary and can be eliminated with minimal impact on performance.","2509.01092v2.pdf, Page: 0",5.221270322799683,2025-11-30 15:24:01,,
12.0,Hybrid RAG,True,C,C,"It reduces attention computation complexity, which now scales quadratically with the number of chunks rather than the number of tokens in the context.","2509.01092v2.pdf, Page: 1",3.0731518268585205,2025-11-30 15:24:01,,
,,,,,,,,2025-11-30 15:24:01,12.0,"429 You exceeded your current quota. Please migrate to Gemini 2.0 Flash Preview (Image Generation) (models/gemini-2.0-flash-preview-image-generation) for higher quota limits. For more information on this error, head to: https://ai.google.dev/gemini-api/docs/rate-limits. [links {
  description: ""Learn more about Gemini API quotas""
  url: ""https://ai.google.dev/gemini-api/docs/rate-limits""
}
, violations {
  quota_metric: ""generativelanguage.googleapis.com/generate_requests_per_model""
  quota_id: ""GenerateRequestsPerMinutePerProjectPerModel""
  quota_dimensions {
    key: ""model""
    value: ""gemini-2.0-flash-exp""
  }
  quota_dimensions {
    key: ""location""
    value: ""global""
  }
  quota_value: 10
}
, retry_delay {
  seconds: 1
}
]"
,,,,,,,,2025-11-30 15:24:01,13.0,"429 You exceeded your current quota. Please migrate to Gemini 2.0 Flash Preview (Image Generation) (models/gemini-2.0-flash-preview-image-generation) for higher quota limits. For more information on this error, head to: https://ai.google.dev/gemini-api/docs/rate-limits. [links {
  description: ""Learn more about Gemini API quotas""
  url: ""https://ai.google.dev/gemini-api/docs/rate-limits""
}
, violations {
  quota_metric: ""generativelanguage.googleapis.com/generate_requests_per_model""
  quota_id: ""GenerateRequestsPerMinutePerProjectPerModel""
  quota_dimensions {
    key: ""model""
    value: ""gemini-2.0-flash-exp""
  }
  quota_dimensions {
    key: ""location""
    value: ""global""
  }
  quota_value: 10
}
, retry_delay {
  seconds: 58
}
]"
,,,,,,,,2025-11-30 15:24:01,14.0,"429 You exceeded your current quota. Please migrate to Gemini 2.0 Flash Preview (Image Generation) (models/gemini-2.0-flash-preview-image-generation) for higher quota limits. For more information on this error, head to: https://ai.google.dev/gemini-api/docs/rate-limits. [links {
  description: ""Learn more about Gemini API quotas""
  url: ""https://ai.google.dev/gemini-api/docs/rate-limits""
}
, violations {
  quota_metric: ""generativelanguage.googleapis.com/generate_requests_per_model""
  quota_id: ""GenerateRequestsPerMinutePerProjectPerModel""
  quota_dimensions {
    key: ""model""
    value: ""gemini-2.0-flash-exp""
  }
  quota_dimensions {
    key: ""location""
    value: ""global""
  }
  quota_value: 10
}
, retry_delay {
  seconds: 56
}
]"
16.0,Hybrid RAG,True,C,C,"As the chunk lengthk increases, the number of possible token combinations expands exponentially, specifically at a rate ofV k, whereV is the vocabulary size. Effectively capturing this diversity within a fixed-length embedding presents a significant challenge. Additionally, reconstructings = k×L tokens fromLchunk embeddings further compounds the difficulty of the task. ... For the reconstruction task, training begins with reconstructing a single chunk: the encoder receives one chunk embeddingc1 for x1:k and and the decoder reconstructs thek tokens using the projected chunk embeddingecnk 1 . Subsequently, the model reconstructs x1:2k frome cnk 1 , ecnk 2 , and so forth. To continuously adjust task difficulty, we vary the data mixture over time, starting with examples dominated by easier tasks (e.g., single chunk embedding) and gradually shifting towards those dominated by more difficult tasks (i.e.,L chunk embeddings).","2509.01092v2.pdf, Page: 3",7.060468435287476,2025-11-30 15:24:01,,
17.0,Hybrid RAG,True,C,C,Table 13 demonstrates thatREFRAG16 with RL-based selective compression consistently outperformsREFRAG8 across different datasets and context lengths.,"2509.01092v2.pdf, Page: 5",7.577526092529297,2025-11-30 15:24:01,,
18.0,Hybrid RAG,True,C,C,"However, CEPE is limited to prefix context applications, as it disrupts the causal structure of the context, making it unsuitable for tasks such as multi-turn RAG or summarization. Additionally, CEPE does not utilize token compression, resulting in similar or even increased decoding latency.","2509.01092v2.pdf, Page: 9",3.17777419090271,2025-11-30 15:24:01,,
19.0,Hybrid RAG,True,C,C,"At equal latency (8 passages forREFRAGvs. 1 for LLaMA),REFRAGachieves a1.93%average gain over 16 RAG tasks.","2509.01092v2.pdf, Page: 7",3.380021572113037,2025-11-30 15:24:01,,
20.0,Hybrid RAG,True,C,C,"The original Llama-2-7B supports only a4k context window, whereas our approach enables extrapolation via chunk embeddings, extending context and supporting broader applications.","2509.01092v2.pdf, Page: 4",6.755635976791382,2025-11-30 15:24:01,,
21.0,Hybrid RAG,True,C,C,"It reduces attention computation complexity, which now scales quadratically with the number of chunks rather than the number of tokens in the context.","2509.01092v2.pdf, Page: 1",3.9921016693115234,2025-11-30 15:24:01,,
22.0,Hybrid RAG,True,C,C,"For longer context length, acceleration reaches up tok2× for both metrics.","2509.01092v2.pdf, Page: 2",2.4566285610198975,2025-11-30 15:24:01,,
23.0,Hybrid RAG,True,C,C,"Unlike prior methods (Yen et al., 2024),REFRAGsupports compression of token chunks at arbitrary positions (see figure 1) while preserving the autoregressive nature of the decoder, thereby supporting multi-turn and agentic applications. This “compress anywhere” capability is further enhanced by a lightweight reinforcement learning (RL) policy that selectively determines when full chunk token input is necessary and when low-cost, approximate chunk embeddings suffice .","2509.01092v2.pdf, Page: 1",3.3592493534088135,2025-11-30 15:24:01,,
24.0,Hybrid RAG,True,C,C,"The main objectives are to align the encoder and projection layer so that: 1) encoder can compressk tokens with minimal information loss, and 2) projection layer can effectively map the encoder’s chunk embeddings into the decoder’s token space, allowing the decoder to interpret and accurately reconstruct the original information.","2509.01092v2.pdf, Page: 3",3.706693172454834,2025-11-30 15:24:01,,
25.0,Hybrid RAG,True,C,C,"A RL policy, guided by next-paragraph prediction perplexity as a negative reward, determines which chunks to retain in their original form.","2509.01092v2.pdf, Page: 3",2.7666821479797363,2025-11-30 15:24:01,,
26.0,Hybrid RAG,True,C,C,"Empirically, as shown in figure 2, with a context length of16384(mid-to-long context),REFRAG with k = 16achieves16 .53× TTFT acceleration with cache and8.59× without cache1","2509.01092v2.pdf, Page: 2",4.606057405471802,2025-11-30 15:24:01,,
,,,,,,,,2025-11-30 15:24:01,26.0,"429 You exceeded your current quota. Please migrate to Gemini 2.0 Flash Preview (Image Generation) (models/gemini-2.0-flash-preview-image-generation) for higher quota limits. For more information on this error, head to: https://ai.google.dev/gemini-api/docs/rate-limits. [links {
  description: ""Learn more about Gemini API quotas""
  url: ""https://ai.google.dev/gemini-api/docs/rate-limits""
}
, violations {
  quota_metric: ""generativelanguage.googleapis.com/generate_requests_per_model""
  quota_id: ""GenerateRequestsPerMinutePerProjectPerModel""
  quota_dimensions {
    key: ""model""
    value: ""gemini-2.0-flash-exp""
  }
  quota_dimensions {
    key: ""location""
    value: ""global""
  }
  quota_value: 10
}
, retry_delay {
  seconds: 5
}
]"
28.0,Hybrid RAG,True,C,C,"For reference,LLaMA256 uses only the last 256 tokens, matching the number of chunk embeddings inREFRAG8 (s/k = 256), yetREFRAG8 consistently surpassesLLaMA256, demonstrating the effectiveness of compressed chunk embeddings.","2509.01092v2.pdf, Page: 4",2.150571823120117,2025-11-30 15:24:01,,
,,,,,,,,2025-11-30 15:24:01,28.0,"429 You exceeded your current quota. Please migrate to Gemini 2.0 Flash Preview (Image Generation) (models/gemini-2.0-flash-preview-image-generation) for higher quota limits. For more information on this error, head to: https://ai.google.dev/gemini-api/docs/rate-limits. [links {
  description: ""Learn more about Gemini API quotas""
  url: ""https://ai.google.dev/gemini-api/docs/rate-limits""
}
, violations {
  quota_metric: ""generativelanguage.googleapis.com/generate_requests_per_model""
  quota_id: ""GenerateRequestsPerMinutePerProjectPerModel""
  quota_dimensions {
    key: ""model""
    value: ""gemini-2.0-flash-exp""
  }
  quota_dimensions {
    key: ""location""
    value: ""global""
  }
  quota_value: 10
}
, retry_delay {
}
]"
,,,,,,,,2025-11-30 15:24:01,29.0,"429 You exceeded your current quota. Please migrate to Gemini 2.0 Flash Preview (Image Generation) (models/gemini-2.0-flash-preview-image-generation) for higher quota limits. For more information on this error, head to: https://ai.google.dev/gemini-api/docs/rate-limits. [links {
  description: ""Learn more about Gemini API quotas""
  url: ""https://ai.google.dev/gemini-api/docs/rate-limits""
}
, violations {
  quota_metric: ""generativelanguage.googleapis.com/generate_requests_per_model""
  quota_id: ""GenerateRequestsPerMinutePerProjectPerModel""
  quota_dimensions {
    key: ""model""
    value: ""gemini-2.0-flash-exp""
  }
  quota_dimensions {
    key: ""location""
    value: ""global""
  }
  quota_value: 10
}
, retry_delay {
  seconds: 58
}
]"
,,,,,,,,2025-11-30 15:24:01,30.0,"429 You exceeded your current quota. Please migrate to Gemini 2.0 Flash Preview (Image Generation) (models/gemini-2.0-flash-preview-image-generation) for higher quota limits. For more information on this error, head to: https://ai.google.dev/gemini-api/docs/rate-limits. [links {
  description: ""Learn more about Gemini API quotas""
  url: ""https://ai.google.dev/gemini-api/docs/rate-limits""
}
, violations {
  quota_metric: ""generativelanguage.googleapis.com/generate_requests_per_model""
  quota_id: ""GenerateRequestsPerMinutePerProjectPerModel""
  quota_dimensions {
    key: ""model""
    value: ""gemini-2.0-flash-exp""
  }
  quota_dimensions {
    key: ""location""
    value: ""global""
  }
  quota_value: 10
}
, retry_delay {
  seconds: 56
}
]"
32.0,Hybrid RAG,True,C,C,"Theoretical analysis (section A) shows that for short context lengths, our method achieves up to k× acceleration in TTFT and throughput. For longer context length, acceleration reaches up tok2× for both metrics.","2509.01092v2.pdf, Page: 2",4.90205717086792,2025-11-30 15:24:01,,
33.0,Hybrid RAG,True,C,C,"Under the context length of16384(i.e., mid-to-long context),REFRAG achieves16 .53× acceleration in TTFT with cache and8.59× without cache.","2509.01092v2.pdf, Page: 15",3.1307668685913086,2025-11-30 15:24:01,,
34.0,Hybrid RAG,False,A,C,"performance of the reconstruction task with and without curriculum learning (i.e., reconstruction ofx1:s from s/k chunk embedding directly). The results indicate that curriculum learning is essential for the success of the reconstruction task.","2509.01092v2.pdf, Page: 5",19.04691982269287,2025-11-30 15:24:01,,
35.0,Hybrid RAG,True,C,C,"For the reconstruction task, training begins with reconstructing a single chunk: the encoder receives one chunk embeddingc1 for x1:k and and the decoder reconstructs thek tokens using the projected chunk embeddingecnk 1 . Subsequently, the model reconstructs x1:2k frome cnk 1 , ecnk 2 , and so forth. To continuously adjust task difficulty, we vary the data mixture over","2509.01092v2.pdf, page 3",3.3792572021484375,2025-11-30 15:24:01,,
36.0,Hybrid RAG,True,C,C,"A RL policy, guided by next-paragraph prediction perplexity as a negative reward, determines which chunks to retain in their original form. The policy network leverages chunk embeddings and masking to optimize sequential chunk expansion, thereby preserving the decoder’s","2509.01092v2.pdf, Page: 3",8.60092568397522,2025-11-30 15:24:01,,
37.0,Hybrid RAG,True,C,C,"With a compression rate of16, we achieve a9.3%average log-perplexity improvement over CEPE across four datasets2.","2509.01092v2.pdf, Page: 4",1.843536138534546,2025-11-30 15:24:01,,
38.0,Hybrid RAG,False,NONE OF THE ABOVE,C,N/A,N/A,3.9927618503570557,2025-11-30 15:24:01,,
39.0,Hybrid RAG,True,C,C,WefollowtheworkofLinetal.(2024)touseWikipediadumpsandCommonCrawl dumps to create a retrieval corpus with 400 million passages. Each passage contains less than 200 words. We use the DRAGON+ model Lin et al. (2023) as our retriever and use the implementation of Izacard et al. (2023a) to retrieve the K-nearest neighbors as the retrieved passages for each question.,"2509.01092v2.pdf, Page: 7",3.0739822387695312,2025-11-30 15:24:01,,
40.0,Hybrid RAG,True,C,C,"At equal latency (8 passages forREFRAGvs. 1 for LLaMA),REFRAGattains a1.22% average improvement across 16 RAG tasks.","2509.01092v2.pdf, Page: 7",3.656538486480713,2025-11-30 15:24:01,,
41.0,Hybrid RAG,True,C,C,"Instead of using tokens from retrieved passages as input,REFRAGleverages pre-computed, compressed chunk embeddings as approximate represen-tations, feeding these embeddings directly into the decoder.","2509.01092v2.pdf, Page: 1",3.418274402618408,2025-11-30 15:24:01,,
42.0,Hybrid RAG,True,B,B,"The main objectives are to align the encoder and projection layer so that: 1) encoder can compressk tokens with minimal information loss, and 2) projection layer can effectively map the encoder’s chunk embeddings into the","2509.01092v2.pdf, Page: 3",3.3691301345825195,2025-11-30 15:24:01,,
,,,,,,,,2025-11-30 15:24:01,42.0,"429 You exceeded your current quota. Please migrate to Gemini 2.0 Flash Preview (Image Generation) (models/gemini-2.0-flash-preview-image-generation) for higher quota limits. For more information on this error, head to: https://ai.google.dev/gemini-api/docs/rate-limits. [links {
  description: ""Learn more about Gemini API quotas""
  url: ""https://ai.google.dev/gemini-api/docs/rate-limits""
}
, violations {
  quota_metric: ""generativelanguage.googleapis.com/generate_requests_per_model""
  quota_id: ""GenerateRequestsPerMinutePerProjectPerModel""
  quota_dimensions {
    key: ""model""
    value: ""gemini-2.0-flash-exp""
  }
  quota_dimensions {
    key: ""location""
    value: ""global""
  }
  quota_value: 10
}
, retry_delay {
  seconds: 55
}
]"
44.0,Hybrid RAG,False,ERROR,C,No quote provided,None,35.33006954193115,2025-11-30 15:24:01,,
45.0,Hybrid RAG,True,C,C,Table 13 demonstrates thatREFRAG16 with RL-based selective compression consistently outperformsREFRAG8 across different datasets and context lengths.,"2509.01092v2.pdf, Page: 5",3.071399450302124,2025-11-30 15:24:01,,
46.0,Hybrid RAG,True,C,C,"These passages often exhibit low semantic similarity due to diversity or deduplication during re-ranking, leading to block-diagonal attention patterns that differ from those in standard LLM generation tasks. Based on this observation, we argue that most computations over the RAG context during decoding are unnecessary and can be eliminated with minimal impact on performance. ... By exploiting this attention sparsity structure, we demonstrate a30.85× the time-to-first-token acceleration (3.75× improvement to previous work) without loss in perplexity.","2509.01092v2.pdf, Page: 0",6.144189834594727,2025-11-30 15:24:01,,
47.0,Hybrid RAG,True,B,B,"Moreover, the time-to-first-token (TTFT) latency increases quadratically, while the time-to-iterative-token (TTIT) latency grows linearly with prompt length (Liu et al., 2025).","2509.01092v2.pdf, Page: 0",1.5357673168182373,2025-11-30 15:24:01,,
48.0,Hybrid RAG,True,B,B,"Table 8The geometry curriculum learning scheduling. The whole training is split into 9 stages. In each stage, we have a combination of different data (e.g., 1X8 means reconstructing 8 tokens, 2X8 means reconstructing 16 tokens).","2509.01092v2.pdf, Page: 19",4.717114210128784,2025-11-30 15:24:01,,
49.0,Hybrid RAG,True,C,C,"The result demonstrates that under the same number of retrieved passages, we are able to match the performance of LLaMA in the strong retriever setting and even outperform LLaMA under the weak retriever setting. This is because our model enables larger context and hence enables extract more useful information when the retrieved passages are less relevant.","2509.01092v2.pdf, Page: 7",3.2696914672851562,2025-11-30 15:24:01,,
50.0,Hybrid RAG,True,C,C,"It reduces attention computation complexity, which now scales quadratically with the number of chunks rather than the number of tokens in the context.","2509.01092v2.pdf, Page: 1",2.4570553302764893,2025-11-30 15:24:01,,
